time,open,high,low,close
2022-01-03 00:00:00,1.13693,1.13778,1.1336,1.1338
2022-01-03 08:00:00,1.1338,1.1366100000000001,1.13349,1.13504
2022-01-03 16:00:00,1.13504,1.13519,1.12795,1.12971
2022-01-04 00:00:00,1.12961,1.13094,1.1292,1.13049
2022-01-04 08:00:00,1.13049,1.13081,1.12723,1.12801
2022-01-04 16:00:00,1.1280000000000001,1.13226,1.12777,1.12862
2022-01-05 00:00:00,1.12852,1.12968,1.12765,1.12935
2022-01-05 08:00:00,1.12935,1.13286,1.12925,1.13236
2022-01-05 16:00:00,1.1323699999999999,1.13466,1.13018,1.13135
2022-01-06 00:00:00,1.13111,1.13204,1.13048,1.13089
2022-01-06 08:00:00,1.13089,1.13269,1.12846,1.13119
2022-01-06 16:00:00,1.13119,1.13316,1.12862,1.12976
2022-01-07 00:00:00,1.1296,1.13034,1.12901,1.13023
2022-01-07 08:00:00,1.13023,1.13226,1.1292200000000001,1.1301700000000001
2022-01-07 16:00:00,1.1301700000000001,1.13647,1.1299,1.1359
2022-01-10 00:00:00,1.1355,1.13599,1.1332,1.13351
2022-01-10 08:00:00,1.13349,1.13447,1.12951,1.12971
2022-01-10 16:00:00,1.12972,1.13349,1.12853,1.13252
2022-01-11 00:00:00,1.1323,1.13442,1.13189,1.13388
2022-01-11 08:00:00,1.13389,1.13517,1.1323,1.1326
2022-01-11 16:00:00,1.1326100000000001,1.13753,1.13131,1.13666
2022-01-12 00:00:00,1.13655,1.13781,1.13623,1.13731
2022-01-12 08:00:00,1.13731,1.14155,1.13545,1.14097
2022-01-12 16:00:00,1.14101,1.14528,1.13943,1.14411
2022-01-13 00:00:00,1.14402,1.14482,1.14357,1.14411
2022-01-13 08:00:00,1.14412,1.14784,1.14384,1.14719
2022-01-13 16:00:00,1.1472,1.14817,1.14472,1.14539
2022-01-14 00:00:00,1.14531,1.14829,1.14512,1.14789
2022-01-14 08:00:00,1.1479,1.14806,1.1433200000000001,1.14383
2022-01-14 16:00:00,1.14382,1.145,1.13987,1.14151
2022-01-17 00:00:00,1.14117,1.14224,1.14002,1.14188
2022-01-17 08:00:00,1.14189,1.1434199999999999,1.1391499999999999,1.14018
2022-01-17 16:00:00,1.14017,1.1415899999999999,1.13956,1.14062
2022-01-18 00:00:00,1.14062,1.14216,1.13848,1.1397
2022-01-18 08:00:00,1.1397,1.14057,1.13629,1.1378300000000001
2022-01-18 16:00:00,1.1378300000000001,1.13789,1.13147,1.13258
2022-01-19 00:00:00,1.13249,1.13336,1.13163,1.133
2022-01-19 08:00:00,1.133,1.13508,1.1327,1.1344
2022-01-19 16:00:00,1.1344,1.13569,1.1335899999999999,1.1342
2022-01-20 00:00:00,1.1339299999999999,1.13653,1.1339299999999999,1.13498
2022-01-20 08:00:00,1.13497,1.13689,1.1331,1.13517
2022-01-20 16:00:00,1.13516,1.1357599999999999,1.13031,1.13108
2022-01-21 00:00:00,1.13092,1.13348,1.1301,1.13252
2022-01-21 08:00:00,1.13252,1.13517,1.13227,1.13499
2022-01-21 16:00:00,1.135,1.13597,1.13369,1.13421
2022-01-24 00:00:00,1.13371,1.13447,1.13163,1.13175
2022-01-24 08:00:00,1.13179,1.13363,1.12949,1.12959
2022-01-24 16:00:00,1.12959,1.13351,1.12906,1.13254
2022-01-25 00:00:00,1.13226,1.1328,1.13081,1.13101
2022-01-25 08:00:00,1.131,1.13159,1.12664,1.12756
2022-01-25 16:00:00,1.12758,1.13069,1.12632,1.13006
2022-01-26 00:00:00,1.12991,1.13108,1.12929,1.13046
2022-01-26 08:00:00,1.13046,1.13052,1.12717,1.12821
2022-01-26 16:00:00,1.12823,1.13006,1.12354,1.12405
2022-01-27 00:00:00,1.12404,1.12431,1.12154,1.12202
2022-01-27 08:00:00,1.12201,1.12214,1.11349,1.1149499999999999
2022-01-27 16:00:00,1.11493,1.11622,1.11313,1.11444
2022-01-28 00:00:00,1.11428,1.11558,1.11359,1.11542
2022-01-28 08:00:00,1.11542,1.11689,1.11214,1.11685
2022-01-28 16:00:00,1.11685,1.11737,1.11383,1.11469
2022-01-31 00:00:00,1.11406,1.11658,1.11378,1.11651
2022-01-31 08:00:00,1.11651,1.11937,1.11462,1.11931
2022-01-31 16:00:00,1.11931,1.12477,1.11833,1.12333
2022-02-01 00:00:00,1.12315,1.12451,1.12208,1.124
2022-02-01 08:00:00,1.124,1.12786,1.12343,1.12658
2022-02-01 16:00:00,1.12658,1.12744,1.12345,1.12718
2022-02-02 00:00:00,1.12715,1.12779,1.12679,1.12731
2022-02-02 08:00:00,1.12732,1.13301,1.12667,1.13112
2022-02-02 16:00:00,1.1311499999999999,1.13212,1.12926,1.13035
2022-02-03 00:00:00,1.13018,1.13081,1.1293,1.13007
2022-02-03 08:00:00,1.13007,1.13652,1.12665,1.13652
2022-02-03 16:00:00,1.13669,1.14513,1.13615,1.14392
2022-02-04 00:00:00,1.14389,1.14719,1.14311,1.14599
2022-02-04 08:00:00,1.14599,1.14836,1.14216,1.14363
2022-02-04 16:00:00,1.14363,1.1464,1.14116,1.14514
2022-02-07 00:00:00,1.14573,1.14614,1.1424400000000001,1.14302
2022-02-07 08:00:00,1.14302,1.1458599999999999,1.14151,1.144
2022-02-07 16:00:00,1.14398,1.14511,1.14173,1.14419
2022-02-08 00:00:00,1.14411,1.14486,1.14152,1.14171
2022-02-08 08:00:00,1.1417,1.14335,1.13958,1.14089
2022-02-08 16:00:00,1.1408800000000001,1.14238,1.14014,1.14163
2022-02-09 00:00:00,1.14127,1.14325,1.14113,1.14221
2022-02-09 08:00:00,1.14221,1.14457,1.14025,1.14356
2022-02-09 16:00:00,1.14355,1.14479,1.14202,1.14233
2022-02-10 00:00:00,1.1421000000000001,1.1431499999999999,1.1413,1.14258
2022-02-10 08:00:00,1.14258,1.14462,1.13819,1.14079
2022-02-10 16:00:00,1.14078,1.1495,1.13748,1.14275
2022-02-11 00:00:00,1.14263,1.14291,1.13742,1.13863
2022-02-11 08:00:00,1.13862,1.1418,1.13699,1.13906
2022-02-11 16:00:00,1.13906,1.14081,1.13297,1.13477
2022-02-14 00:00:00,1.13376,1.1368800000000001,1.13365,1.13513
2022-02-14 08:00:00,1.13513,1.13519,1.13006,1.13152
2022-02-14 16:00:00,1.13152,1.13213,1.1280000000000001,1.13058
2022-02-15 00:00:00,1.13032,1.13223,1.1299,1.1317
2022-02-15 08:00:00,1.1317,1.13599,1.13096,1.1356
2022-02-15 16:00:00,1.1356,1.13683,1.13202,1.13582
2022-02-16 00:00:00,1.13568,1.13598,1.13448,1.13537
2022-02-16 08:00:00,1.13538,1.13951,1.1353,1.13628
2022-02-16 16:00:00,1.13631,1.13955,1.13532,1.1372200000000001
2022-02-17 00:00:00,1.13713,1.13848,1.13229,1.13561
2022-02-17 08:00:00,1.1356,1.13857,1.13429,1.13591
2022-02-17 16:00:00,1.13591,1.13794,1.1350500000000001,1.13608
2022-02-18 00:00:00,1.1358,1.13714,1.13565,1.13658
2022-02-18 08:00:00,1.13658,1.13769,1.13467,1.13492
2022-02-18 16:00:00,1.13491,1.1354,1.1313900000000001,1.13227
2022-02-21 00:00:00,1.13145,1.1368,1.13125,1.13624
2022-02-21 08:00:00,1.13625,1.13907,1.13204,1.13296
2022-02-21 16:00:00,1.1329500000000001,1.1349,1.13064,1.13093
2022-02-22 00:00:00,1.1307,1.13197,1.12878,1.13062
2022-02-22 08:00:00,1.13062,1.1367,1.12925,1.13412
2022-02-22 16:00:00,1.13412,1.13538,1.1322,1.13241
2022-02-23 00:00:00,1.13246,1.1339,1.13202,1.13257
2022-02-23 08:00:00,1.13257,1.13588,1.13161,1.1351499999999999
2022-02-23 16:00:00,1.13513,1.13518,1.13012,1.13051
2022-02-24 00:00:00,1.13023,1.13086,1.12081,1.12378
2022-02-24 08:00:00,1.12378,1.12619,1.11529,1.1161699999999999
2022-02-24 16:00:00,1.1161699999999999,1.12211,1.11063,1.11919
2022-02-25 00:00:00,1.11908,1.12286,1.11859,1.12254
2022-02-25 08:00:00,1.12254,1.12414,1.11659,1.12364
2022-02-25 16:00:00,1.12365,1.12735,1.12188,1.12716
2022-02-28 00:00:00,1.11295,1.11943,1.11245,1.11565
2022-02-28 08:00:00,1.11565,1.12315,1.11546,1.12121
2022-02-28 16:00:00,1.1212,1.12464,1.11974,1.12178
2022-03-01 00:00:00,1.12177,1.12194,1.11907,1.11961
2022-03-01 08:00:00,1.11961,1.12331,1.11406,1.11604
2022-03-01 16:00:00,1.11604,1.11621,1.10897,1.11229
2022-03-02 00:00:00,1.11248,1.11353,1.11111,1.11148
2022-03-02 08:00:00,1.11149,1.11193,1.10589,1.11045
2022-03-02 16:00:00,1.11046,1.1143399999999999,1.10574,1.11184
2022-03-03 00:00:00,1.1116,1.11205,1.10901,1.11019
2022-03-03 08:00:00,1.11018,1.11062,1.10648,1.10854
2022-03-03 16:00:00,1.10854,1.10949,1.10332,1.10659
2022-03-04 00:00:00,1.10651,1.10679,1.10098,1.10286
2022-03-04 08:00:00,1.10287,1.10317,1.08852,1.09084
2022-03-04 16:00:00,1.09085,1.094,1.0896,1.09305
2022-03-07 00:00:00,1.09255,1.09295,1.08209,1.08766
2022-03-07 08:00:00,1.08766,1.09251,1.0806,1.08975
2022-03-07 16:00:00,1.08976,1.09324,1.08458,1.08533
2022-03-08 00:00:00,1.08511,1.08846,1.08471,1.08598
2022-03-08 08:00:00,1.08597,1.09217,1.08509,1.09155
2022-03-08 16:00:00,1.09151,1.09583,1.0872,1.0901399999999999
2022-03-09 00:00:00,1.0896,1.09295,1.08896,1.0916
2022-03-09 08:00:00,1.0916,1.10164,1.0909200000000001,1.10141
2022-03-09 16:00:00,1.10141,1.10961,1.10041,1.1075
2022-03-10 00:00:00,1.1072899999999999,1.10777,1.10416,1.10591
2022-03-10 08:00:00,1.10591,1.11213,1.10257,1.1064
2022-03-10 16:00:00,1.10639,1.107,1.09758,1.09859
2022-03-11 00:00:00,1.09845,1.1019,1.09792,1.09992
2022-03-11 08:00:00,1.09992,1.10434,1.09601,1.09982
2022-03-11 16:00:00,1.09982,1.10017,1.09021,1.09137
2022-03-14 00:00:00,1.09155,1.0939,1.09004,1.09111
2022-03-14 08:00:00,1.0911,1.099,1.09094,1.09429
2022-03-14 16:00:00,1.09429,1.09938,1.0937000000000001,1.09447
2022-03-15 00:00:00,1.09416,1.0985,1.09304,1.09829
2022-03-15 08:00:00,1.09828,1.102,1.09668,1.09974
2022-03-15 16:00:00,1.09974,1.09997,1.0926,1.09489
2022-03-16 00:00:00,1.09491,1.0977999999999999,1.09491,1.09776
2022-03-16 08:00:00,1.09772,1.10248,1.09559,1.1
2022-03-16 16:00:00,1.10001,1.1047,1.095,1.1031
2022-03-17 00:00:00,1.10305,1.10521,1.10071,1.10233
2022-03-17 08:00:00,1.10234,1.10705,1.10221,1.10698
2022-03-17 16:00:00,1.10701,1.11376,1.10671,1.10901
2022-03-18 00:00:00,1.1089,1.11186,1.10753,1.1084100000000001
2022-03-18 08:00:00,1.1084100000000001,1.10944,1.10031,1.10254
2022-03-18 16:00:00,1.10254,1.1072,1.10243,1.10503
2022-03-21 00:00:00,1.10504,1.10572,1.10376,1.10418
2022-03-21 08:00:00,1.10419,1.10702,1.10257,1.10334
2022-03-21 16:00:00,1.10334,1.10523,1.10102,1.10188
2022-03-22 00:00:00,1.10176,1.10251,1.09807,1.09813
2022-03-22 08:00:00,1.09814,1.10436,1.0961,1.10411
2022-03-22 16:00:00,1.10411,1.10458,1.10115,1.10294
2022-03-23 00:00:00,1.10279,1.10427,1.10208,1.10371
2022-03-23 08:00:00,1.1037,1.104,1.09641,1.09661
2022-03-23 16:00:00,1.0966,1.1012,1.0966,1.10066
2022-03-24 00:00:00,1.10052,1.10134,1.09764,1.09775
2022-03-24 08:00:00,1.09775,1.1001,1.0965799999999999,1.09737
2022-03-24 16:00:00,1.09738,1.10135,1.09715,1.09982
2022-03-25 00:00:00,1.09959,1.1038000000000001,1.09959,1.10286
2022-03-25 08:00:00,1.10285,1.10307,1.0992,1.10116
2022-03-25 16:00:00,1.10117,1.10247,1.09809,1.09854
2022-03-28 00:00:00,1.09842,1.09865,1.09501,1.09542
2022-03-28 08:00:00,1.09542,1.09997,1.09447,1.09568
2022-03-28 16:00:00,1.09567,1.09994,1.09464,1.09859
2022-03-29 00:00:00,1.09834,1.09976,1.0969,1.09854
2022-03-29 08:00:00,1.09854,1.11286,1.09751,1.1113
2022-03-29 16:00:00,1.1113,1.11371,1.10716,1.10858
2022-03-30 00:00:00,1.1085099999999999,1.11214,1.10792,1.11109
2022-03-30 08:00:00,1.11108,1.11616,1.11056,1.11249
2022-03-30 16:00:00,1.11249,1.1171,1.11195,1.11575
2022-03-31 00:00:00,1.11579,1.11848,1.11542,1.11606
2022-03-31 08:00:00,1.1160700000000001,1.11758,1.10878,1.11022
2022-03-31 16:00:00,1.11022,1.11325,1.10613,1.10665
2022-04-01 00:00:00,1.10656,1.10757,1.10597,1.1064
2022-04-01 08:00:00,1.10641,1.10755,1.10364,1.1044100000000001
2022-04-01 16:00:00,1.1044,1.10541,1.10283,1.10447
2022-04-04 00:00:00,1.10336,1.10543,1.10336,1.10478
2022-04-04 08:00:00,1.10479,1.10539,1.09961,1.09993
2022-04-04 16:00:00,1.09993,1.10026,1.09608,1.09715
2022-04-05 00:00:00,1.09688,1.09801,1.09623,1.09643
2022-04-05 08:00:00,1.09643,1.09886,1.09564,1.09643
2022-04-05 16:00:00,1.09645,1.09758,1.09,1.09041
2022-04-06 00:00:00,1.09029,1.09083,1.08906,1.08971
2022-04-06 08:00:00,1.08968,1.09381,1.08741,1.09333
2022-04-06 16:00:00,1.09333,1.09372,1.08788,1.08956
2022-04-07 00:00:00,1.08956,1.09159,1.08883,1.09144
2022-04-07 08:00:00,1.09144,1.09339,1.08649,1.09132
2022-04-07 16:00:00,1.09132,1.09382,1.0868,1.08777
2022-04-08 00:00:00,1.08764,1.08824,1.08546,1.08549
2022-04-08 08:00:00,1.08547,1.08921,1.08479,1.08531
2022-04-08 16:00:00,1.08531,1.08853,1.08364,1.08747
2022-04-11 00:00:00,1.09159,1.0916,1.08751,1.08856
2022-04-11 08:00:00,1.08854,1.09333,1.0874,1.09054
2022-04-11 16:00:00,1.09051,1.09063,1.08729,1.08829
2022-04-12 00:00:00,1.08825,1.08872,1.08663,1.08794
2022-04-12 08:00:00,1.08795,1.09035,1.08507,1.08957
2022-04-12 16:00:00,1.08957,1.0903100000000001,1.08216,1.08269
2022-04-13 00:00:00,1.08256,1.08407,1.08111,1.08338
2022-04-13 08:00:00,1.08338,1.08477,1.08149,1.08179
2022-04-13 16:00:00,1.08177,1.08942,1.0809,1.08902
2022-04-14 00:00:00,1.08897,1.09127,1.08733,1.09121
2022-04-14 08:00:00,1.09121,1.09233,1.08437,1.08477
2022-04-14 16:00:00,1.08478,1.08489,1.07576,1.08286
2022-04-15 00:00:00,1.08278,1.08303,1.07961,1.08055
2022-04-15 08:00:00,1.08055,1.08236,1.08028,1.08135
2022-04-15 16:00:00,1.08133,1.08148,1.0804,1.08113
2022-04-18 00:00:00,1.07994,1.08213,1.07895,1.07924
2022-04-18 08:00:00,1.07924,1.08147,1.07829,1.08049
2022-04-18 16:00:00,1.08049,1.08106,1.07702,1.0781
2022-04-19 00:00:00,1.07805,1.07877,1.07612,1.07722
2022-04-19 08:00:00,1.07722,1.08141,1.0766499999999999,1.07941
2022-04-19 16:00:00,1.07942,1.0808200000000001,1.0782,1.07877
2022-04-20 00:00:00,1.07876,1.08223,1.07827,1.08201
2022-04-20 08:00:00,1.08201,1.08667,1.08057,1.08291
2022-04-20 16:00:00,1.08291,1.08662,1.0822,1.08539
2022-04-21 00:00:00,1.08496,1.08542,1.08239,1.08325
2022-04-21 08:00:00,1.08325,1.09364,1.0832,1.08912
2022-04-21 16:00:00,1.08912,1.08959,1.08299,1.08336
2022-04-22 00:00:00,1.08368,1.08508,1.08303,1.08458
2022-04-22 08:00:00,1.08458,1.08519,1.07904,1.08191
2022-04-22 16:00:00,1.08193,1.0845,1.07707,1.08009
2022-04-25 00:00:00,1.08071,1.08145,1.07719,1.07737
2022-04-25 08:00:00,1.07737,1.07791,1.07065,1.07429
2022-04-25 16:00:00,1.07429,1.07437,1.06965,1.07125
2022-04-26 00:00:00,1.07106,1.07388,1.07067,1.07279
2022-04-26 08:00:00,1.07278,1.07343,1.06692,1.0679
2022-04-26 16:00:00,1.0679,1.06852,1.06353,1.06372
2022-04-27 00:00:00,1.06363,1.06536,1.06333,1.06499
2022-04-27 08:00:00,1.06499,1.06547,1.0545,1.05554
2022-04-27 16:00:00,1.05554,1.05722,1.05144,1.05573
2022-04-28 00:00:00,1.05571,1.05623,1.05087,1.05171
2022-04-28 08:00:00,1.05172,1.05646,1.04709,1.04853
2022-04-28 16:00:00,1.04859,1.05311,1.04816,1.04983
2022-04-29 00:00:00,1.04976,1.05297,1.04906,1.05167
2022-04-29 08:00:00,1.05167,1.05927,1.05101,1.05313
2022-04-29 16:00:00,1.05312,1.05789,1.05186,1.0546
2022-05-02 00:00:00,1.05421,1.05599,1.05168,1.05183
2022-05-02 08:00:00,1.05183,1.05681,1.05082,1.05108
2022-05-02 16:00:00,1.05108,1.05415,1.04902,1.05072
2022-05-03 00:00:00,1.0507,1.05264,1.04982,1.05017
2022-05-03 08:00:00,1.05017,1.05775,1.04922,1.05675
2022-05-03 16:00:00,1.05675,1.05722,1.05118,1.05202
2022-05-04 00:00:00,1.05186,1.05339,1.0514000000000001,1.05169
2022-05-04 08:00:00,1.05165,1.0555,1.0506,1.05531
2022-05-04 16:00:00,1.05531,1.0630600000000001,1.05108,1.06219
2022-05-05 00:00:00,1.06196,1.06419,1.06037,1.06124
2022-05-05 08:00:00,1.06124,1.06196,1.05458,1.05535
2022-05-05 16:00:00,1.05535,1.0566,1.04928,1.0541
2022-05-06 00:00:00,1.05413,1.05509,1.05158,1.0532
2022-05-06 08:00:00,1.05321,1.05987,1.04828,1.05535
2022-05-06 16:00:00,1.05535,1.05957,1.05366,1.05439
2022-05-09 00:00:00,1.05387,1.05425,1.05025,1.05122
2022-05-09 08:00:00,1.0512,1.05732,1.04954,1.05624
2022-05-09 16:00:00,1.05624,1.05925,1.05168,1.0557
2022-05-10 00:00:00,1.0557,1.0581,1.0551,1.05757
2022-05-10 08:00:00,1.05758,1.05851,1.05359,1.05511
2022-05-10 16:00:00,1.05512,1.05747,1.05257,1.05281
2022-05-11 00:00:00,1.05281,1.05432,1.0524,1.05411
2022-05-11 08:00:00,1.05415,1.05757,1.05017,1.0521
2022-05-11 16:00:00,1.05216,1.0577,1.05092,1.05092
2022-05-12 00:00:00,1.05092,1.05291,1.05076,1.05189
2022-05-12 08:00:00,1.05189,1.0521,1.03885,1.04168
2022-05-12 16:00:00,1.04167,1.04262,1.0354,1.03779
2022-05-13 00:00:00,1.03779,1.0398,1.03731,1.03972
2022-05-13 08:00:00,1.0397,1.04196,1.03709,1.03765
2022-05-13 16:00:00,1.03765,1.04161,1.03494,1.04077
2022-05-16 00:00:00,1.03959,1.04167,1.03887,1.04003
2022-05-16 08:00:00,1.04005,1.04381,1.03947,1.04228
2022-05-16 16:00:00,1.04228,1.0443,1.039,1.04311
2022-05-17 00:00:00,1.0431,1.04539,1.04276,1.04406
2022-05-17 08:00:00,1.04406,1.0556,1.04405,1.05434
2022-05-17 16:00:00,1.05433,1.0555,1.0521,1.05465
2022-05-18 00:00:00,1.05465,1.05639,1.05247,1.05304
2022-05-18 08:00:00,1.05306,1.05409,1.04946,1.05211
2022-05-18 16:00:00,1.05211,1.05418,1.04599,1.04609
2022-05-19 00:00:00,1.04609,1.05067,1.0459,1.04967
2022-05-19 08:00:00,1.04967,1.0545,1.04648,1.05369
2022-05-19 16:00:00,1.05371,1.06073,1.05369,1.05854
2022-05-20 00:00:00,1.05816,1.05866,1.05547,1.05738
2022-05-20 08:00:00,1.0574,1.0599,1.05542,1.05637
2022-05-20 16:00:00,1.05637,1.05712,1.05328,1.05582
2022-05-23 00:00:00,1.05601,1.05946,1.05561,1.05908
2022-05-23 08:00:00,1.05909,1.06874,1.05883,1.06494
2022-05-23 16:00:00,1.06493,1.06975,1.06443,1.06881
2022-05-24 00:00:00,1.06878,1.06928,1.0661100000000001,1.06646
2022-05-24 08:00:00,1.06647,1.07362,1.06623,1.07075
2022-05-24 16:00:00,1.07074,1.07489,1.07039,1.07333
2022-05-25 00:00:00,1.07329,1.07382,1.07033,1.07053
2022-05-25 08:00:00,1.07053,1.07096,1.06418,1.06514
2022-05-25 16:00:00,1.06513,1.06947,1.06477,1.0679
2022-05-26 00:00:00,1.06775,1.07066,1.06696,1.06827
2022-05-26 08:00:00,1.06828,1.07231,1.06627,1.06999
2022-05-26 16:00:00,1.06999,1.0731,1.06923,1.07239
2022-05-27 00:00:00,1.07239,1.07651,1.07139,1.07545
2022-05-27 08:00:00,1.07545,1.07571,1.06974,1.07161
2022-05-27 16:00:00,1.07161,1.07502,1.07014,1.07309
2022-05-30 00:00:00,1.07326,1.07603,1.07243,1.0758
2022-05-30 08:00:00,1.0758,1.07803,1.07406,1.07528
2022-05-30 16:00:00,1.07528,1.07869,1.07505,1.0778
2022-05-31 00:00:00,1.07756,1.07788,1.07342,1.0745
2022-05-31 08:00:00,1.07451,1.07555,1.068,1.06824
2022-05-31 16:00:00,1.06824,1.07466,1.06791,1.07326
2022-06-01 00:00:00,1.0732,1.07376,1.07069,1.07142
2022-06-01 08:00:00,1.07142,1.0739,1.07022,1.07261
2022-06-01 16:00:00,1.07263,1.07308,1.06272,1.06484
2022-06-02 00:00:00,1.06453,1.06598,1.06405,1.06572
2022-06-02 08:00:00,1.06572,1.07158,1.06491,1.07033
2022-06-02 16:00:00,1.07033,1.0749900000000001,1.06922,1.07463
2022-06-03 00:00:00,1.07443,1.07638,1.07345,1.07458
2022-06-03 08:00:00,1.07458,1.07625,1.07039,1.0716
2022-06-03 16:00:00,1.07159,1.07522,1.07106,1.07165
2022-06-06 00:00:00,1.07146,1.07319,1.071,1.07276
2022-06-06 08:00:00,1.07276,1.07516,1.07158,1.07231
2022-06-06 16:00:00,1.0723,1.0724,1.06841,1.06955
2022-06-07 00:00:00,1.0695000000000001,1.07001,1.06707,1.06826
2022-06-07 08:00:00,1.06826,1.07047,1.06544,1.0656
2022-06-07 16:00:00,1.06559,1.0714299999999999,1.06523,1.07049
2022-06-08 00:00:00,1.07036,1.07073,1.06781,1.06784
2022-06-08 08:00:00,1.06782,1.07409,1.06715,1.0731600000000001
2022-06-08 16:00:00,1.07317,1.07485,1.07124,1.07157
2022-06-09 00:00:00,1.07154,1.07335,1.07093,1.07262
2022-06-09 08:00:00,1.07262,1.07739,1.06883,1.07343
2022-06-09 16:00:00,1.07344,1.07429,1.06107,1.06159
2022-06-10 00:00:00,1.06142,1.06353,1.06109,1.06305
2022-06-10 08:00:00,1.06307,1.06424,1.0521,1.05226
2022-06-10 16:00:00,1.05227,1.05444,1.0506,1.05207
2022-06-13 00:00:00,1.05137,1.05195,1.04757,1.04908
2022-06-13 08:00:00,1.04908,1.04954,1.04451,1.04655
2022-06-13 16:00:00,1.04654,1.04684,1.03996,1.04076
2022-06-14 00:00:00,1.04078,1.04361,1.03969,1.0425
2022-06-14 08:00:00,1.04249,1.04848,1.04178,1.04491
2022-06-14 16:00:00,1.0449,1.04598,1.03998,1.04151
2022-06-15 00:00:00,1.0414,1.04514,1.03995,1.0427
2022-06-15 08:00:00,1.0427,1.05076,1.0404,1.04148
2022-06-15 16:00:00,1.04149,1.04695,1.0359099999999999,1.0443
2022-06-16 00:00:00,1.04412,1.04691,1.04306,1.04385
2022-06-16 08:00:00,1.04385,1.04441,1.03811,1.04283
2022-06-16 16:00:00,1.04284,1.06009,1.0428,1.05483
2022-06-17 00:00:00,1.05454,1.05602,1.05171,1.05277
2022-06-17 08:00:00,1.05277,1.05359,1.04758,1.04948
2022-06-17 16:00:00,1.04948,1.05028,1.04447,1.04962
2022-06-20 00:00:00,1.04747,1.05303,1.04727,1.05228
2022-06-20 08:00:00,1.05228,1.05457,1.05101,1.05173
2022-06-20 16:00:00,1.05172,1.05419,1.04979,1.05104
2022-06-21 00:00:00,1.05104,1.05423,1.05053,1.05226
2022-06-21 08:00:00,1.05226,1.05824,1.0513,1.05519
2022-06-21 16:00:00,1.05519,1.05666,1.05187,1.05318
2022-06-22 00:00:00,1.05299,1.05387,1.04936,1.04967
2022-06-22 08:00:00,1.04967,1.05352,1.04691,1.05307
2022-06-22 16:00:00,1.05308,1.06054,1.05303,1.05678
2022-06-23 00:00:00,1.05631,1.05812,1.05558,1.05686
2022-06-23 08:00:00,1.05676,1.05792,1.04827,1.05046
2022-06-23 16:00:00,1.05047,1.05538,1.04944,1.05215
2022-06-24 00:00:00,1.05225,1.05432,1.05119,1.05398
2022-06-24 08:00:00,1.05397,1.05547,1.05144,1.0523
2022-06-24 16:00:00,1.05231,1.05711,1.05158,1.05534
2022-06-27 00:00:00,1.05456,1.05745,1.05456,1.05647
2022-06-27 08:00:00,1.05647,1.05911,1.05537,1.05679
2022-06-27 16:00:00,1.0568,1.06149,1.0568,1.05829
2022-06-28 00:00:00,1.05817,1.05865,1.05705,1.05756
2022-06-28 08:00:00,1.05756,1.06058,1.05328,1.05382
2022-06-28 16:00:00,1.05382,1.05423,1.05033,1.0518
2022-06-29 00:00:00,1.0517,1.05353,1.05009,1.05042
2022-06-29 08:00:00,1.05044,1.05352,1.04857,1.05212
2022-06-29 16:00:00,1.05213,1.05267,1.04352,1.04411
2022-06-30 00:00:00,1.04394,1.04575,1.04326,1.04534
2022-06-30 08:00:00,1.04534,1.04688,1.03823,1.03979
2022-06-30 16:00:00,1.03979,1.04891,1.03977,1.04827
2022-07-01 00:00:00,1.04826,1.04854,1.0447,1.04538
2022-07-01 08:00:00,1.04538,1.04742,1.04066,1.04069
2022-07-01 16:00:00,1.04068,1.04329,1.03657,1.04261
2022-07-04 00:00:00,1.04146,1.04443,1.04146,1.04278
2022-07-04 08:00:00,1.04278,1.04627,1.04205,1.04511
2022-07-04 16:00:00,1.04512,1.04575,1.04169,1.04221
2022-07-05 00:00:00,1.04198,1.04381,1.04075,1.04379
2022-07-05 08:00:00,1.04379,1.04488,1.02802,1.02919
2022-07-05 16:00:00,1.02919,1.02936,1.02349,1.02656
2022-07-06 00:00:00,1.02641,1.02716,1.02393,1.0247
2022-07-06 08:00:00,1.02469,1.02769,1.01662,1.01872
2022-07-06 16:00:00,1.01872,1.0201500000000001,1.01618,1.0181
2022-07-07 00:00:00,1.01797,1.02098,1.01762,1.02019
2022-07-07 08:00:00,1.02019,1.02213,1.01694,1.01704
2022-07-07 16:00:00,1.01704,1.01936,1.01441,1.01587
2022-07-08 00:00:00,1.01564,1.01912,1.01393,1.01548
2022-07-08 08:00:00,1.01548,1.01701,1.00717,1.01431
2022-07-08 16:00:00,1.01432,1.01905,1.01342,1.01831
2022-07-11 00:00:00,1.01696,1.01831,1.01349,1.01513
2022-07-11 08:00:00,1.01513,1.01523,1.00748,1.00812
2022-07-11 16:00:00,1.00811,1.00932,1.00337,1.00396
2022-07-12 00:00:00,1.00396,1.00554,1.00054,1.00154
2022-07-12 08:00:00,1.00154,1.00696,0.99996,1.00529
2022-07-12 16:00:00,1.00526,1.00739,1.00315,1.00365
2022-07-13 00:00:00,1.00346,1.00468,1.00226,1.0036
2022-07-13 08:00:00,1.00359,1.01,0.99977,1.00205
2022-07-13 16:00:00,1.00204,1.01222,1.00086,1.00574
2022-07-14 00:00:00,1.00551,1.00598,1.00136,1.0023
2022-07-14 08:00:00,1.00231,1.00505,1.00022,1.00023
2022-07-14 16:00:00,1.00024,1.00478,0.99522,1.00178
2022-07-15 00:00:00,1.00154,1.00409,1.00113,1.00304
2022-07-15 08:00:00,1.00304,1.00768,1.0007,1.00724
2022-07-15 16:00:00,1.00727,1.00981,1.0041,1.00854
2022-07-18 00:00:00,1.00816,1.01144,1.00734,1.00916
2022-07-18 08:00:00,1.00917,1.01756,1.00812,1.01368
2022-07-18 16:00:00,1.01368,1.02014,1.01239,1.01418
2022-07-19 00:00:00,1.01408,1.01487,1.01193,1.0128
2022-07-19 08:00:00,1.0128,1.02694,1.01271,1.0229
2022-07-19 16:00:00,1.02286,1.02641,1.02211,1.02247
2022-07-20 00:00:00,1.02245,1.02487,1.02226,1.02438
2022-07-20 08:00:00,1.02438,1.02729,1.01731,1.02111
2022-07-20 16:00:00,1.02106,1.02379,1.01552,1.01803
2022-07-21 00:00:00,1.01766,1.02257,1.01703,1.02231
2022-07-21 08:00:00,1.0223,1.02783,1.01658,1.02649
2022-07-21 16:00:00,1.02646,1.02751,1.01535,1.023
2022-07-22 00:00:00,1.02282,1.02306,1.01802,1.01808
2022-07-22 08:00:00,1.01807,1.02135,1.01299,1.01874
2022-07-22 16:00:00,1.01874,1.02553,1.01799,1.02109
2022-07-25 00:00:00,1.02116,1.02187,1.01809,1.02073
2022-07-25 08:00:00,1.02074,1.0258,1.01785,1.02458
2022-07-25 16:00:00,1.02457,1.02548,1.02032,1.02188
2022-07-26 00:00:00,1.02185,1.02502,1.02141,1.02256
2022-07-26 08:00:00,1.02256,1.02362,1.01161,1.01485
2022-07-26 16:00:00,1.01483,1.01529,1.01077,1.01155
2022-07-27 00:00:00,1.01134,1.01523,1.011,1.01507
2022-07-27 08:00:00,1.01506,1.01721,1.01278,1.0143
2022-07-27 16:00:00,1.01431,1.0221,1.00964,1.01975
2022-07-28 00:00:00,1.02003,1.02234,1.01802,1.02022
2022-07-28 08:00:00,1.02022,1.02344,1.01142,1.01637
2022-07-28 16:00:00,1.01638,1.01996,1.01262,1.01963
2022-07-29 00:00:00,1.01956,1.02245,1.0187,1.02094
2022-07-29 08:00:00,1.02094,1.02542,1.01743,1.01772
2022-07-29 16:00:00,1.01773,1.0227,1.01461,1.02258
2022-08-01 00:00:00,1.02075,1.02414,1.02052,1.02241
2022-08-01 08:00:00,1.02242,1.02701,1.02135,1.02362
2022-08-01 16:00:00,1.02361,1.02752,1.02267,1.02617
2022-08-02 00:00:00,1.02603,1.02936,1.02518,1.02712
2022-08-02 08:00:00,1.02712,1.02769,1.02069,1.0212
2022-08-02 16:00:00,1.0212,1.0236,1.0163,1.01655
2022-08-03 00:00:00,1.01653,1.0193699999999999,1.01501,1.0186
2022-08-03 08:00:00,1.0186,1.02104,1.01543,1.0186
2022-08-03 16:00:00,1.01859,1.01875,1.01229,1.01661
2022-08-04 00:00:00,1.01672,1.01762,1.01539,1.01643
2022-08-04 08:00:00,1.01642,1.0198,1.01568,1.01882
2022-08-04 16:00:00,1.01881,1.02539,1.01735,1.02447
2022-08-05 00:00:00,1.02437,1.02518,1.02293,1.02351
2022-08-05 08:00:00,1.02352,1.02394,1.01542,1.01582
2022-08-05 16:00:00,1.01581,1.0193,1.01416,1.01776
2022-08-08 00:00:00,1.01711,1.01861,1.01594,1.01858
2022-08-08 08:00:00,1.01859,1.02151,1.01714,1.01988
2022-08-08 16:00:00,1.0199,1.02219,1.01853,1.01943
2022-08-09 00:00:00,1.01945,1.0201,1.01884,1.01941
2022-08-09 08:00:00,1.01942,1.02475,1.01929,1.02375
2022-08-09 16:00:00,1.02374,1.02443,1.02026,1.02126
2022-08-10 00:00:00,1.02122,1.02191,1.0203,1.02133
2022-08-10 08:00:00,1.02132,1.03458,1.02021,1.03242
2022-08-10 16:00:00,1.03241,1.03688,1.02947,1.02988
2022-08-11 00:00:00,1.02983,1.03047,1.02813,1.02834
2022-08-11 08:00:00,1.02835,1.03518,1.02757,1.03471
2022-08-11 16:00:00,1.03471,1.03645,1.03096,1.03194
2022-08-12 00:00:00,1.03174,1.03273,1.03049,1.03179
2022-08-12 08:00:00,1.03179,1.03243,1.0269,1.02706
2022-08-12 16:00:00,1.02706,1.02843,1.02385,1.0256
2022-08-15 00:00:00,1.02545,1.02684,1.02398,1.02504
2022-08-15 08:00:00,1.02504,1.02524,1.01861,1.02009
2022-08-15 16:00:00,1.02008,1.02233,1.01544,1.01596
2022-08-16 00:00:00,1.01579,1.01699,1.01476,1.01591
2022-08-16 08:00:00,1.01591,1.01689,1.01224,1.01439
2022-08-16 16:00:00,1.0144,1.01949,1.01431,1.01702
2022-08-17 00:00:00,1.01698,1.0184,1.01638,1.01817
2022-08-17 08:00:00,1.01817,1.01867,1.01457,1.01585
2022-08-17 16:00:00,1.01585,1.02031,1.01531,1.01807
2022-08-18 00:00:00,1.01776,1.0193,1.01631,1.01671
2022-08-18 08:00:00,1.0167,1.01883,1.01461,1.01695
2022-08-18 16:00:00,1.017,1.01721,1.00792,1.00875
2022-08-19 00:00:00,1.00866,1.00924,1.00695,1.00762
2022-08-19 08:00:00,1.00762,1.00955,1.00456,1.00655
2022-08-19 16:00:00,1.00652,1.00686,1.00321,1.00393
2022-08-22 00:00:00,1.00348,1.00466,1.00235,1.0038
2022-08-22 08:00:00,1.0038,1.00396,0.99889,1.00063
2022-08-22 16:00:00,1.00063,1.00076,0.99263,0.9943
2022-08-23 00:00:00,0.99423,0.99501,0.99301,0.99345
2022-08-23 08:00:00,0.99344,0.99498,0.99004,0.99239
2022-08-23 16:00:00,0.99241,1.00179,0.99206,0.99695
2022-08-24 00:00:00,0.99682,0.99734,0.99429,0.99575
2022-08-24 08:00:00,0.99575,0.99622,0.99147,0.99285
2022-08-24 16:00:00,0.99285,0.9999,0.99101,0.99662
2022-08-25 00:00:00,0.9964,1.00083,0.99605,0.9999
2022-08-25 08:00:00,0.9999,1.00334,0.99633,0.99695
2022-08-25 16:00:00,0.99695,1.00007,0.99491,0.99743
2022-08-26 00:00:00,0.99724,0.9977,0.99622,0.99626
2022-08-26 08:00:00,0.99624,1.00331,0.99465,1.00329
2022-08-26 16:00:00,1.00329,1.00901,0.99567,0.99646
2022-08-29 00:00:00,0.99645,0.99656,0.99147,0.99165
2022-08-29 08:00:00,0.99166,1.00293,0.99143,1.00086
2022-08-29 16:00:00,1.00088,1.00272,0.99812,0.99972
2022-08-30 00:00:00,0.99927,1.00132,0.9982,0.99997
2022-08-30 08:00:00,0.99997,1.00549,0.99825,1.00115
2022-08-30 16:00:00,1.00115,1.00414,0.99826,1.00137
2022-08-31 00:00:00,1.00122,1.00448,1.00105,1.00403
2022-08-31 08:00:00,1.00403,1.0046,0.99714,1.00084
2022-08-31 16:00:00,1.00085,1.0079,0.99952,1.00545
2022-09-01 00:00:00,1.0051,1.00545,1.00088,1.00143
2022-09-01 08:00:00,1.00141,1.00487,0.9986,0.99884
2022-09-01 16:00:00,0.99886,0.99998,0.9911,0.99442
2022-09-02 00:00:00,0.99442,0.99673,0.99404,0.99667
2022-09-02 08:00:00,0.99668,1.00297,0.99641,1.00105
2022-09-02 16:00:00,1.00105,1.00338,0.99452,0.99571
2022-09-05 00:00:00,0.99282,0.99332,0.99005,0.99054
2022-09-05 08:00:00,0.99053,0.99443,0.98778,0.99237
2022-09-05 16:00:00,0.99237,0.9936,0.99179,0.9931
2022-09-06 00:00:00,0.99245,0.99708,0.99133,0.99464
2022-09-06 08:00:00,0.99464,0.99865,0.98993,0.99002
2022-09-06 16:00:00,0.99005,0.99291,0.9864,0.99031
2022-09-07 00:00:00,0.99031,0.99071,0.9877,0.98926
2022-09-07 08:00:00,0.9893,0.99301,0.98756,0.98931
2022-09-07 16:00:00,0.9893,1.00107,0.98837,1.00057
2022-09-08 00:00:00,0.99969,1.00132,0.99794,0.999
2022-09-08 08:00:00,0.999,1.003,0.99762,0.99999
2022-09-08 16:00:00,0.99999,1.00017,0.99308,0.99983
2022-09-09 00:00:00,0.99983,1.00841,0.99915,1.00724
2022-09-09 08:00:00,1.00723,1.01134,1.00347,1.00447
2022-09-09 16:00:00,1.00447,1.00628,1.00322,1.00455
2022-09-12 00:00:00,1.01017,1.01017,1.00597,1.0078
2022-09-12 08:00:00,1.0078,1.01979,1.00775,1.01417
2022-09-12 16:00:00,1.01417,1.01446,1.01044,1.01211
2022-09-13 00:00:00,1.01207,1.01465,1.01178,1.01285
2022-09-13 08:00:00,1.01282,1.01873,1.00305,1.00371
2022-09-13 16:00:00,1.00373,1.00427,0.99663,0.99686
2022-09-14 00:00:00,0.99674,1.00011,0.99551,0.99954
2022-09-14 08:00:00,0.99954,1.00236,0.99596,0.99978
2022-09-14 16:00:00,0.99979,1.00084,0.99692,0.99814
2022-09-15 00:00:00,0.99781,0.99842,0.99662,0.99679
2022-09-15 08:00:00,0.99679,1.00181,0.99556,1.00078
2022-09-15 16:00:00,1.00079,1.00155,0.99815,0.99966
2022-09-16 00:00:00,0.99975,1.00121,0.99858,0.99957
2022-09-16 08:00:00,0.99957,0.99988,0.99444,0.99555
2022-09-16 16:00:00,0.99554,1.00367,0.99536,1.00129
2022-09-19 00:00:00,1.00043,1.00291,0.99906,0.99922
2022-09-19 08:00:00,0.99922,1.00051,0.99659,0.9983
2022-09-19 16:00:00,0.99832,1.00275,0.99757,1.0024
2022-09-20 00:00:00,1.00197,1.00506,1.00191,1.00223
2022-09-20 08:00:00,1.00223,1.00422,0.99549,0.99712
2022-09-20 16:00:00,0.99712,0.99995,0.9959,0.99711
2022-09-21 00:00:00,0.99697,0.99753,0.9957,0.99597
2022-09-21 08:00:00,0.99598,0.99685,0.98842,0.99134
2022-09-21 16:00:00,0.99133,0.99165,0.98127,0.98372
2022-09-22 00:00:00,0.98362,0.98477,0.98075,0.98284
2022-09-22 08:00:00,0.98284,0.99074,0.98132,0.9877
2022-09-22 16:00:00,0.98768,0.98775,0.9812,0.98395
2022-09-23 00:00:00,0.98283,0.9852,0.98184,0.9823
2022-09-23 08:00:00,0.9823,0.98383,0.97364,0.97558
2022-09-23 16:00:00,0.97558,0.9775,0.96678,0.9688
2022-09-26 00:00:00,0.96714,0.9709,0.95524,0.9628
2022-09-26 08:00:00,0.96277,0.97012,0.9619,0.96693
2022-09-26 16:00:00,0.96693,0.96818,0.95994,0.96087
2022-09-27 00:00:00,0.96084,0.96457,0.95834,0.96363
2022-09-27 08:00:00,0.96363,0.96711,0.96064,0.96226
2022-09-27 16:00:00,0.96228,0.96438,0.95691,0.95924
2022-09-28 00:00:00,0.95923,0.96006,0.95426,0.95506
2022-09-28 08:00:00,0.95505,0.96024,0.95357,0.9585
2022-09-28 16:00:00,0.9585,0.97509,0.95758,0.97347
2022-09-29 00:00:00,0.97315,0.97365,0.96741,0.96854
2022-09-29 08:00:00,0.96856,0.97465,0.96355,0.96879
2022-09-29 16:00:00,0.96879,0.98151,0.96847,0.98147
2022-09-30 00:00:00,0.98144,0.98436,0.97943,0.97994
2022-09-30 08:00:00,0.97992,0.98539,0.97356,0.97548
2022-09-30 16:00:00,0.97549,0.98185,0.97348,0.9799
2022-10-03 00:00:00,0.97747,0.98284,0.97746,0.97854
2022-10-03 08:00:00,0.97856,0.98344,0.97526,0.97656
2022-10-03 16:00:00,0.97656,0.98447,0.9758,0.98246
2022-10-04 00:00:00,0.98239,0.98453,0.9806,0.98334
2022-10-04 08:00:00,0.98334,0.99346,0.98259,0.99242
2022-10-04 16:00:00,0.99247,0.99996,0.99099,0.99842
2022-10-05 00:00:00,0.99835,0.99904,0.99592,0.9966
2022-10-05 08:00:00,0.99658,0.99949,0.98918,0.99115
2022-10-05 16:00:00,0.99115,0.99142,0.98345,0.98752
2022-10-06 00:00:00,0.98747,0.99263,0.98629,0.99208
2022-10-06 08:00:00,0.99208,0.99259,0.98556,0.98685
2022-10-06 16:00:00,0.98685,0.98704,0.97881,0.97911
2022-10-07 00:00:00,0.97879,0.98118,0.97845,0.97916
2022-10-07 08:00:00,0.97917,0.98168,0.97259,0.97501
2022-10-07 16:00:00,0.97501,0.97912,0.97307,0.97381
2022-10-10 00:00:00,0.97312,0.97533,0.97247,0.97399
2022-10-10 08:00:00,0.97399,0.97436,0.96819,0.97148
2022-10-10 16:00:00,0.97146,0.97455,0.96847,0.97029
2022-10-11 00:00:00,0.97005,0.97228,0.96706,0.96773
2022-10-11 08:00:00,0.96773,0.97381,0.96748,0.97199
2022-10-11 16:00:00,0.97199,0.97747,0.96908,0.97075
2022-10-12 00:00:00,0.9705,0.97343,0.96826,0.97154
2022-10-12 08:00:00,0.9715,0.97331,0.96872,0.97053
2022-10-12 16:00:00,0.97053,0.97204,0.96678,0.97023
2022-10-13 00:00:00,0.9701,0.97221,0.9695,0.97041
2022-10-13 08:00:00,0.97041,0.97531,0.96314,0.96681
2022-10-13 16:00:00,0.96679,0.98061,0.96451,0.97774
2022-10-14 00:00:00,0.97717,0.98082,0.97617,0.97817
2022-10-14 08:00:00,0.97818,0.97972,0.97091,0.97732
2022-10-14 16:00:00,0.97731,0.97998,0.9707,0.97234
2022-10-17 00:00:00,0.97184,0.97525,0.97176,0.97368
2022-10-17 08:00:00,0.97367,0.97849,0.97201,0.97754
2022-10-17 16:00:00,0.97755,0.98522,0.97726,0.98408
2022-10-18 00:00:00,0.98387,0.98665,0.98232,0.98574
2022-10-18 08:00:00,0.98575,0.98738,0.98127,0.98545
2022-10-18 16:00:00,0.98545,0.98757,0.98214,0.98576
2022-10-19 00:00:00,0.98545,0.98724,0.98372,0.98401
2022-10-19 08:00:00,0.984,0.98441,0.97592,0.97799
2022-10-19 16:00:00,0.97801,0.98027,0.97574,0.97722
2022-10-20 00:00:00,0.97713,0.97856,0.97544,0.97786
2022-10-20 08:00:00,0.97783,0.98373,0.97716,0.98027
2022-10-20 16:00:00,0.98028,0.98456,0.97734,0.97862
2022-10-21 00:00:00,0.97843,0.97887,0.97648,0.97713
2022-10-21 08:00:00,0.97711,0.98025,0.9705,0.97573
2022-10-21 16:00:00,0.97573,0.98679,0.97518,0.98466
